CustomerID,Predicted_LTV,Segment
12431,2075.6196,Medium
12583,2075.6196,Medium
13047,4580.1924,High
13748,59.48387,Low
14527,148.9885,Low
14688,2075.6196,Medium
15100,386.9558,Low
15291,322.16092,Low
15311,9717.409,High
16029,1793.9847,Medium
16098,2168.6238,Medium
16250,2758.7422,High
17420,2075.6196,Medium
17809,421.71597,Low
17850,9717.409,High
18074,2194.7903,High
